stock,status
AXISBANK.NS,Not Halal
ADANIENT.NS,Doubtful
TATAMOTORS.NS,Not Halal
SUNPHARMA.NS,Halal
NTPC.NS,Not Halal
ONGC.NS,Not Halal
M&M.NS,Not Halal
KOTAKBANK.NS,Not Halal
HAL.NS,Not Halal
ULTRACEMCO.NS,Halal
DMART.NS,Doubtful
POWERGRID.NS,Not Halal
ADANIPORTS.NS,Halal
COALINDIA.NS,Not Halal
TITAN.NS,Doubtful
ADANIPOWER.NS,Not Halal
HINDZINC.NS,Doubtful
ADANIGREEN.NS,Not Halal
ASIANPAINT.NS,Halal
BAJAJ-AUTO.NS,Halal
BAJAJFINSV.NS,Not Halal
SIEMENS.NS,Halal
WIPRO.NS,Not Halal
NESTLEIND.NS,Halal
IOC.NS,Not Halal
IRFC.NS,Not Halal
JIOFIN.NS,Not Halal
TATASTEEL.NS,Not Halal
JSWSTEEL.NS,Not Halal
DLF.NS,Not Halal
RELIANCE.NS,Doubtful
TCS.NS,Not Halal
HDFCBANK.NS,Not Halal
BHARTIARTL.NS,Not Halal
ICICIBANK.NS,Not Halal
SBIN.NS,Not Halal
LICI.NS,Not Halal
INFY.NS,Not Halal
HINDUNILVR.NS,Halal
ITC.NS,Not Halal
HDFC.NS,Not Halal
LT.NS,Not Halal
BAJFINANCE.NS,Not Halal
MARUTI.NS,Halal
HCLTECH.NS,Not Halal
BEL.NS,Doubtful
VBL.NS,Doubtful
TRENT.NS,Halal
ABB.NS,Halal
GRASIM.NS,Not Halal
INDIGO.NS,Not Halal
VEDL.NS,Not Halal
AMBUJACEM.NS,Halal
PFC.NS,Not Halal
ZOMATO.NS,Not Halal
PIDILITIND.NS,Halal
HINDALCO.NS,Not Halal
LTIM.NS,Not Halal
BANKBARODA.NS,Not Halal
LODHA.NS,Halal
SBILIFE.NS,Not Halal
GODREJCP.NS,Halal
TATAPOWER.NS,Not Halal
GAIL.NS,Halal
PNB.NS,Not Halal
RECLTD.NS,Not Halal
TECHM.NS,Not Halal
BPCL.NS,Not Halal
EICHERMOT.NS,Not Halal
BRITANNIA.NS,Halal
IOB.NS,Not Halal
CIPLA.NS,Halal
HDFCLIFE.NS,Not Halal
DIVISLAB.NS,Halal
HEROMOTOCO.NS,Halal
INDUSINDBK.NS,Not Halal
TVSMOTOR.NS,Not Halal
HAVELLS.NS,Halal
CHOLAFIN.NS,Not Halal
ADANIENSOL.NS,Halal
JSWENERGY.NS,Not Halal
UNIONBANK.NS,Not Halal
MOTHERSON.NS,Not Halal
ADANITRANS.NS,Halal
CANBK.NS,Not Halal
ZYDUSLIFE.NS,Halal
DABUR.NS,Halal
IDEA.NS,Not Halal
TATACONSUM.NS,Halal
POLYCAB.NS,Halal
JINDALSTEL.NS,Halal
ATGL.NS,Halal
NHPC.NS,Not Halal
BHEL.NS,Halal
CUMMINSIND.NS,Halal
CGPOWER.NS,Halal
DRREDDY.NS,Halal
SHREECEM.NS,Halal
TORNTPHARM.NS,Halal
SHRIRAMFIN.NS,Not Halal
IDBI.NS,Not Halal
BAJAJHLDNG.NS,Not Halal
BOSCHLTD.NS,Halal
INDUSTOWER.NS,Not Halal
MANKIND.NS,Halal
APOLLOHOSP.NS,Halal
LTI.NS,Not Halal
HDFCAMC.NS,Doubtful
SOLARINDS.NS,Not Halal
MCDOWELL-N.NS,Not Halal
MAXHEALTH.NS,Halal
ICICIPRULI.NS,Not Halal
INDHOTEL.NS,Doubtful
IRCTC.NS,Halal
RVNL.NS,Not Halal
ICICIGI.NS,Not Halal
GODREJPROP.NS,Not Halal
MARICO.NS,Halal
NAUKRI.NS,Doubtful
COLPAL.NS,Halal
TIINDIA.NS,Halal
LINDEINDIA.NS,Halal
SUPREMEIND.NS,Halal
NMDC.NS,Not Halal
TORNTPOWER.NS,Not Halal
BHARATFORG.NS,Halal
OFSS.NS,Not Halal
YESBANK.NS,Not Halal
HINDPETRO.NS,Not Halal
PRESTIGE.NS,Not Halal
LUPIN.NS,Halal
AUROPHARMA.NS,Halal
INDIANB.NS,Not Halal
OIL.NS,Not Halal
MUTHOOTFIN.NS,Not Halal
SRF.NS,Halal
ASHOKLEY.NS,Not Halal
OBEROIRLTY.NS,Doubtful
CONCOR.NS,Halal
SCHAEFFLER.NS,Halal
UCOBANK.NS,Not Halal
SUZLON.NS,Halal
GICRE.NS,Not Halal
SBICARD.NS,Not Halal
JSL.NS,Halal
MAZDOCK.NS,Not Halal
THERMAX.NS,Halal
SAIL.NS,Not Halal
MOTHERSUMI.NS,Not Halal
BALKRISIND.NS,Doubtful
DIXON.NS,Halal
PHOENIXLTD.NS,Doubtful
ABCAPITAL.NS,Not Halal
ALKEM.NS,Halal
POLICYBZR.NS,Not Halal
ASTRAL.NS,Halal
ABBOTINDIA.NS,Halal
BERGEPAINT.NS,Halal
PERSISTENT.NS,Not Halal
JSWINFRA.NS,Doubtful
CENTRALBK.NS,Not Halal
UNOMINDA.NS,Halal
BANKINDIA.NS,Not Halal
UBL.NS,Not Halal
HUDCO.NS,Not Halal
BHARTIHEXA.NS,Halal
PIIND.NS,Halal
IDFCFIRSTB.NS,Not Halal
PGHH.NS,Halal
GMRINFRA.NS,Not Halal
TATACOMM.NS,Halal
MRF.NS,Halal
PATANJALI.NS,Doubtful
SJVN.NS,Not Halal
BDL.NS,Not Halal
LTTS.NS,Halal
SUNDARMFIN.NS,Not Halal
COCHINSHIP.NS,Not Halal
FACT.NS,Halal
AUBANK.NS,Not Halal
ACC.NS,Halal
IREDA.NS,Not Halal
NYKAA.NS,Halal
HONAUT.NS,Halal
PETRONET.NS,Halal
VOLTAS.NS,Halal
MAHABANK.NS,Not Halal
EXIDEIND.NS,Not Halal
MPHASIS.NS,Not Halal
AWL.NS,Halal
ESCORTS.NS,Halal
GLAXO.NS,Halal
POWERINDIA.NS,Halal
TATAELXSI.NS,Halal
APLAPOLLO.NS,Halal
COROMANDEL.NS,Halal
PAGEIND.NS,Halal
TATATECH.NS,Halal
L&TFH.NS,Not Halal
RUCHI.NS,Doubtful
KEI.NS,Halal
GUJGASLTD.NS,Halal
FEDERALBNK.NS,Not Halal
PSB.NS,Not Halal
KALYANKJIL.NS,Not Halal
UPL.NS,Not Halal
3MINDIA.NS,Halal
IRB.NS,Not Halal
BIOCON.NS,Not Halal
KPITTECH.NS,Halal
MOTILALOFS.NS,Not Halal
NIACL.NS,Not Halal
LICHSGFIN.NS,Not Halal
SONACOMS.NS,Halal
NAM-INDIA.NS,Not Halal
CADILAHC.NS,Halal
MRPL.NS,Not Halal
BSE.NS,Not Halal
LLOYDSME.NS,Halal
AIAENG.NS,Doubtful
DALBHARAT.NS,Halal
SRTRANSFIN.NS,Not Halal
FLUOROCHEM.NS,Halal
FORTIS.NS,Halal
JUBLFOOD.NS,Doubtful
ENDURANCE.NS,Halal
M&MFIN.NS,Not Halal
BLUESTARCO.NS,Halal
COFORGE.NS,Not Halal
POONAWALLA.NS,Not Halal
NATIONALUM.NS,Halal
GLENMARK.NS,Doubtful
GET&D.NS,Halal
ZFCVINDIA.NS,Halal
IGL.NS,Halal
MEDANTA.NS,Halal
MFSL.NS,Not Halal
ABFRL.NS,Not Halal
JKCEMENT.NS,Halal
APARINDS.NS,Halal
NLCINDIA.NS,Not Halal
HINDCOPPER.NS,Halal
CARBORUNIV.NS,Halal
TATAINVEST.NS,Not Halal
DEEPAKNTR.NS,Halal
BANDHANBNK.NS,Not Halal
EMAMILTD.NS,Halal
GODIGIT.NS,Not Halal
TIMKEN.NS,Halal
BRIGADE.NS,Not Halal
GLAND.NS,Halal
SKFINDIA.NS,Halal
SUNTV.NS,Doubtful
METROBRAND.NS,Halal
MSUMI.NS,Halal
APOLLOTYRE.NS,Halal
STARHEALTH.NS,Not Halal
AJANTPHARM.NS,Halal
CRISIL.NS,Halal
IPCALAB.NS,Halal
GRINDWELL.NS,Halal
ITI.NS,Halal
JBCHEPHARM.NS,Halal
KPRMILL.NS,Halal
JWL.NS,Halal
DELHIVERY.NS,Halal
TATACHEM.NS,Doubtful
360ONE.NS,Not Halal
NBCC.NS,Not Halal
SYNGENE.NS,Doubtful
MANYAVAR.NS,Halal
BAYERCROP.NS,Halal
MINDAIND.NS,Halal
CROMPTON.NS,Halal
GODREJIND.NS,Not Halal
SUNDRMFAST.NS,Halal
JYOTICNC.NS,Halal
EIHOTEL.NS,Doubtful
KIOCL.NS,Halal
ARE&M.NS,Halal
IRCON.NS,Not Halal
PAYTM.NS,Not Halal
NH.NS,Halal
GILLETTE.NS,Halal
JBMA.NS,Halal
SUMICHEM.NS,Halal
TVSHLTD.NS,Not Halal
HATSUN.NS,Halal
AARTIIND.NS,Halal
RATNAMANI.NS,Halal
FINCABLES.NS,Halal
ANGELONE.NS,Not Halal
LAURUSLABS.NS,Halal
CREDITACC.NS,Not Halal
CHOLAHLDNG.NS,Not Halal
TEJASNET.NS,Halal
FIVESTAR.NS,Not Halal
ISEC.NS,Not Halal
CENTURYTEX.NS,Halal
KAYNES.NS,Doubtful
SANOFI.NS,Halal
RADICO.NS,Not Halal
LALPATHLAB.NS,Halal
KANSAINER.NS,Halal
WHIRLPOOL.NS,Halal
PFIZER.NS,Not Halal
CIEINDIA.NS,Halal
CDSL.NS,Doubtful
DEVYANI.NS,Doubtful
KEC.NS,Not Halal
PNBHOUSING.NS,Not Halal
FINPIPE.NS,Doubtful
BASF.NS,Halal
KAJARIACER.NS,Halal
NATCOPHARM.NS,Halal
CYIENT.NS,Halal
NCC.NS,Halal
RELAXO.NS,Halal
TRIDENT.NS,Halal
PPLPHARMA.NS,Not Halal
KPIL.NS,Not Halal
RAMCOCEM.NS,Halal
CASTROLIND.NS,Halal
GODFRYPHLP.NS,Not Halal
IIFL.NS,Not Halal
CESC.NS,Not Halal
RRKABEL.NS,Halal
SOBHA.NS,Halal
INOXWIND.NS,Not Halal
PEL.NS,Not Halal
MCX.NS,Not Halal
SCHNEIDER.NS,Halal
VINATIORGA.NS,Halal
ELGIEQUIP.NS,Halal
TITAGARH.NS,Halal
BATAINDIA.NS,Halal
SWANENERGY.NS,Not Halal
KIRLOSENG.NS,Not Halal
BSOFT.NS,Not Halal
BLUEDART.NS,Halal
ABSLAMC.NS,Not Halal
CELLO.NS,Halal
IDFC.NS,Not Halal
CHALET.NS,Not Halal
ATUL.NS,Doubtful
SIGNATURE.NS,Doubtful
ASTERDM.NS,Halal
TRITURBINE.NS,Halal
NUVAMA.NS,Not Halal
SHYAMMETL.NS,Halal
SWSOLAR.NS,Halal
POLYMED.NS,Halal
HSCL.NS,Halal
CAMS.NS,Doubtful
AFFLE.NS,Doubtful
JINDALSAW.NS,Not Halal
PTCIL.NS,Halal
BIKAJI.NS,Halal
CGCL.NS,Not Halal
NSLNISP.NS,Not Halal
VGUARD.NS,Halal
APLLTD.NS,Halal
NAVINFLUOR.NS,Halal
REDINGTON.NS,Halal
ACE.NS,Halal
CHAMBLFERT.NS,Halal
SUVENPHAR.NS,Doubtful
APTUS.NS,Not Halal
RAYMOND.NS,Not Halal
IFCI.NS,Not Halal
GSPL.NS,Halal
LAXMIMACH.NS,Halal
UJJIVANSFB.NS,Not Halal
KARURVYSYA.NS,Not Halal
TBOTEK.NS,Halal
GESHIP.NS,Not Halal
GRINFRA.NS,Halal
BEML.NS,Not Halal
ANANDRATHI.NS,Not Halal
JYOTHYLAB.NS,Halal
RITES.NS,Not Halal
KSB.NS,Halal
SONATSOFTW.NS,Not Halal
HFCL.NS,Halal
IIFLWAM.NS,Not Halal
ZEEL.NS,Doubtful
TTML.NS,Not Halal
ZENSARTECH.NS,Not Halal
ASTRAZEN.NS,Halal
JAIBALAJI.NS,Halal
MAHINDCIE.NS,Halal
KIRLOSBROS.NS,Halal
KIMS.NS,Halal
RBLBANK.NS,Not Halal
GRSE.NS,Not Halal
AEGISCHEM.NS,Halal
MANAPPURAM.NS,Not Halal
INDIAMART.NS,Not Halal
IEX.NS,Not Halal
VOLTAMP.NS,Doubtful
DCMSHRIRAM.NS,Halal
DATAPATTNS.NS,Not Halal
CENTURYPLY.NS,Halal
AAVAS.NS,Not Halal
TECHNOE.NS,Doubtful
ASAHIINDIA.NS,Halal
ELECON.NS,Halal
CONCORDBIO.NS,Halal
WELSPUNIND.NS,Halal
WABCOINDIA.NS,Halal
INGERRAND.NS,Halal
CLEAN.NS,Halal
PVR.NS,Not Halal
OLECTRA.NS,Halal
CHENNPETRO.NS,Not Halal
FINEORG.NS,Halal
ENGINERSIN.NS,Doubtful
ANANTRAJ.NS,Halal
GPIL.NS,Halal
INTELLECT.NS,Not Halal
MGL.NS,Halal
BLS.NS,Halal
WELCORP.NS,Halal
HONASA.NS,Halal
RHIM.NS,Halal
INDGN.NS,Halal
FSL.NS,Not Halal
AMBER.NS,Halal
ERIS.NS,Halal
NETWEB.NS,Halal
VTL.NS,Halal
ALOKINDS.NS,Not Halal
SPLPETRO.NS,Halal
PVRINOX.NS,Not Halal
RAILTEL.NS,Halal
HAPPSTMNDS.NS,Not Halal
RAINBOW.NS,Halal
WELSPUNLIV.NS,Halal
RKFORGE.NS,Halal
J&KBANK.NS,Not Halal
HBLPOWER.NS,Doubtful
JPPOWER.NS,Not Halal
SHRIRAMCIT.NS,Not Halal
NEWGEN.NS,Not Halal
TANLA.NS,Halal
WESTLIFE.NS,Doubtful
AKZOINDIA.NS,Halal
RPOWER.NS,Not Halal
UTIAMC.NS,Not Halal
IBULHSGFIN.NS,Not Halal
KFINTECH.NS,Not Halal
EIDPARRY.NS,Not Halal
NUVOCO.NS,Not Halal
PNCINFRA.NS,Not Halal
JSLHISAR.NS,Not Halal
GMDCLTD.NS,Not Halal
ZYDUSWELL.NS,Not Halal
SCI.NS,Not Halal
INOXINDIA.NS,Halal
FORCEMOT.NS,Halal
DOMS.NS,Halal
BIRLACORPN.NS,Not Halal
JUBLPHARMA.NS,Not Halal
BAJAJELEC.NS,Halal
ECLERX.NS,Not Halal
BBTC.NS,Not Halal
MMTC.NS,Not Halal
PRAJIND.NS,Not Halal
HGINFRA.NS,Not Halal
USHAMART.NS,Halal
TRIL.NS,Halal
LEMONTREE.NS,Not Halal
GRANULES.NS,Halal
KPIGREEN.NS,Not Halal
GODREJAGRO.NS,Halal
TEGA.NS,Halal
GRAPHITE.NS,Not Halal
CAPLIPOINT.NS,Halal
EQUITASBNK.NS,Not Halal
CUB.NS,Not Halal
DBREALTY.NS,Not Halal
HAPPYFORGE.NS,Halal
AMARAJABAT.NS,Halal
AETHER.NS,Not Halal
REDTAPE.NS,Halal
VESUVIUS.NS,Halal
MOIL.NS,Doubtful
MAPMYINDIA.NS,Not Halal
CANFINHOME.NS,Not Halal
LATENTVIEW.NS,Not Halal
MINDACORP.NS,Halal
RTNINDIA.NS,Not Halal
SAREGAMA.NS,Not Halal
JKTYRE.NS,Not Halal
GLS.NS,Halal
KNRCON.NS,Halal
VARROC.NS,Halal
PURVA.NS,Not Halal
TTKPRESTIG.NS,Halal
ALKYLAMINE.NS,Halal
THOMASCOOK.NS,Not Halal
CEATLTD.NS,Halal
SFL.NS,Halal
NAVA.NS,Not Halal
GNFC.NS,Not Halal
METROPOLIS.NS,Halal
GENUSPOWER.NS,Not Halal
AZAD.NS,Doubtful
ELECTCAST.NS,Not Halal
SAFARI.NS,Halal
ARVIND.NS,Not Halal
ROUTE.NS,Halal
JKLAKSHMI.NS,Halal
CERA.NS,Halal
JUNIPER.NS,Doubtful
GPPL.NS,Not Halal
SAPPHIRE.NS,Doubtful
MAHLIFE.NS,Doubtful
GALAXYSURF.NS,Halal
SUPPETRO.NS,Halal
RENUKA.NS,Not Halal
EMIL.NS,Not Halal
CRAFTSMAN.NS,Halal
MAHSEAMLES.NS,Halal
PCBL.NS,Not Halal
RTNPOWER.NS,Not Halal
GRAVITA.NS,Halal
RCF.NS,Not Halal
SBFC.NS,Not Halal
WOCKPHARMA.NS,Not Halal
QUESS.NS,Halal
ISGEC.NS,Halal
SANDUMA.NS,Doubtful
MAHSCOOTER.NS,Not Halal
INFIBEAM.NS,Halal
STARCEMENT.NS,Halal
GSFC.NS,Not Halal
ESABINDIA.NS,Halal
RUSTOMJEE.NS,Halal
KALPATPOWR.NS,Not Halal
CAMPUS.NS,Halal
RATEGAIN.NS,Halal
NETWORK18.NS,Not Halal
SHRIPISTON.NS,Not Halal
ZENTEC.NS,Not Halal
RESPONIND.NS,Halal
JUSTDIAL.NS,Not Halal
IBREALEST.NS,Doubtful
HEG.NS,Doubtful
IWEL.NS,Not Halal
ANURAS.NS,Halal
HOMEFIRST.NS,Not Halal
LTFOODS.NS,Halal
MHRIL.NS,Not Halal
STAR.NS,Not Halal
KIRLPNU.NS,Halal
MASTEK.NS,Halal
SUNTECK.NS,Not Halal
BALRAMCHIN.NS,Halal
SYMPHONY.NS,Halal
TEXRAIL.NS,Not Halal
RAJESHEXPO.NS,Doubtful
ASTRAMICRO.NS,Doubtful
VIJAYA.NS,Halal
CHEMPLASTS.NS,Halal
AVANTIFEED.NS,Halal
MEDPLUS.NS,Halal
SYRMA.NS,Halal
GANESHHOUC.NS,Halal
BECTORFOOD.NS,Halal
JUBLINGREA.NS,Halal
SHOPERSTOP.NS,Not Halal
HCC.NS,Not Halal
KTKBANK.NS,Not Halal
SUNCLAYLTD.NS,Not Halal
PGHL.NS,Halal
GARFIBRES.NS,Halal
NEULANDLAB.NS,Halal
MIDHANI.NS,Halal
TRIVENI.NS,Not Halal
JLHL.NS,Halal
PRSMJOHNSN.NS,Not Halal
SARDAEN.NS,Not Halal
CCL.NS,Halal
AHLUCONT.NS,Doubtful
CMSINFO.NS,Halal
GREENLAM.NS,Halal
TVSSCS.NS,Halal
POWERMECH.NS,Halal
IONEXCHANG.NS,Halal
LLOYDSENGG.NS,Halal
ITDCEM.NS,Not Halal
ACI.NS,Halal
JMFINANCIL.NS,Not Halal
TV18BRDCST.NS,Not Halal
GALLANTT.NS,Halal
PGEL.NS,Halal
DEEPAKFERT.NS,Not Halal
PRUDENT.NS,Not Halal
PRINCEPIPE.NS,Halal
RELINFRA.NS,Not Halal
EASEMYTRIP.NS,Halal
JSFB.NS,Not Halal
MANINFRA.NS,Not Halal
TMB.NS,Not Halal
FDC.NS,Halal
JSWHL.NS,Not Halal
SENCO.NS,Not Halal
JINDWORLD.NS,Halal
EMUDHRA.NS,Not Halal
ICIL.NS,Halal
JKPAPER.NS,Not Halal
CHOICEIN.NS,Not Halal
RELIGARE.NS,Not Halal
SPARC.NS,Not Halal
DHANUKA.NS,Halal
SOUTHBANK.NS,Not Halal
INDIASHLTR.NS,Not Halal
MARKSANS.NS,Halal
TCI.NS,Halal
BALAMINES.NS,Halal
AURIONPRO.NS,Not Halal
LXCHEM.NS,Halal
WABAG.NS,Halal
HMT.NS,Not Halal
SUPRAJIT.NS,Halal
IIFLSEC.NS,Not Halal
GAEL.NS,Halal
VSTIND.NS,Not Halal
INDIACEM.NS,Not Halal
JAICORPLTD.NS,Doubtful
VIPIND.NS,Halal
KIRLFER.NS,Halal
SURYAROSNI.NS,Halal
TIMETECHNO.NS,Not Halal
ITDC.NS,Not Halal
BLUEJET.NS,Halal
DBL.NS,Not Halal
ROLEXRINGS.NS,Halal
PDSL.NS,Halal
NESCO.NS,Not Halal
NAZARA.NS,Not Halal
KRBL.NS,Halal
DAAWAT.NS,Halal
EDELWEISS.NS,Not Halal
INDIGOPNTS.NS,Halal
WELENT.NS,Doubtful
BORORENEW.NS,Halal
SANSERA.NS,Halal
UJJIVAN.NS,Not Halal
ALLCARGO.NS,Not Halal
SUNDARMHLD.NS,Not Halal
STLTECH.NS,Not Halal
TIIL.NS,Halal
PTC.NS,Not Halal
SIS.NS,Halal
ARVINDFASN.NS,Halal
TATACOFFEE.NS,Halal
ASKAUTOLTD.NS,Halal
INOXLEISUR.NS,Not Halal
IFBIND.NS,Halal
RALLIS.NS,Halal
ASHOKA.NS,Not Halal
EPL.NS,Halal
KESORAMIND.NS,Not Halal
PAISALO.NS,Not Halal
ETHOSLTD.NS,Halal
PARADEEP.NS,Not Halal
DODLA.NS,Halal
MSTCLTD.NS,Not Halal
KIRLOSIND.NS,Not Halal
NIITMTS.NS,Halal
CSBBANK.NS,Not Halal
JKIL.NS,Not Halal
GMMPFAUDLR.NS,Halal
SHAREINDIA.NS,Not Halal
MAXESTATES.NS,Not Halal
TIPSINDLTD.NS,Not Halal
GABRIEL.NS,Halal
UTKARSHBNK.NS,Not Halal
HNDFDS.NS,Doubtful
GOKEX.NS,Halal
KENNAMET.NS,Halal
HERITGFOOD.NS,Halal
SUDARSCHEM.NS,Halal
GOCOLORS.NS,Halal
HEMIPROP.NS,Not Halal
PATELENG.NS,Not Halal
GUJALKALI.NS,Doubtful
RAIN.NS,Not Halal
RSYSTEMS.NS,Not Halal
SPANDANA.NS,Not Halal
DATAMATICS.NS,Halal
VMART.NS,Halal
NFL.NS,Not Halal
PRICOLLTD.NS,Halal
TDPOWERSYS.NS,Halal
AARTIPHARM.NS,Halal
MTARTECH.NS,Halal
DBCORP.NS,Not Halal
RBA.NS,Doubtful
EPIGRAL.NS,Halal
ICRA.NS,Not Halal
VAIBHAVGBL.NS,Not Halal
CYIENTDLM.NS,Doubtful
TI.NS,Not Halal
ORCHPHARMA.NS,Halal
HCG.NS,Halal
JISLJALEQS.NS,Not Halal
SHILPAMED.NS,Halal
DYNAMATECH.NS,Doubtful
LSIL.NS,Halal
TARC.NS,Not Halal
SHAKTIPUMP.NS,Halal
VRLLOG.NS,Halal
ORIENTELEC.NS,Halal
GATEWAY.NS,Halal
JAMNAAUTO.NS,Halal
ORIANA.NS,Halal
JCHAC.NS,Halal
HARSHA.NS,Halal
GHCL.NS,Halal
GRWRHITECH.NS,Halal
WONDERLA.NS,Doubtful
HEIDELBERG.NS,Halal
BBL.NS,Not Halal
MASFIN.NS,Not Halal
SHARDAMOTR.NS,Halal
PRIVISCL.NS,Halal
AMIORG.NS,Halal
DIACABS.NS,Not Halal
FUSION.NS,Not Halal
KSCL.NS,Not Halal
SANGHVIMOV.NS,Halal
TEAMLEASE.NS,Halal
ORIENTCEM.NS,Halal
AARTIDRUGS.NS,Halal
GULFOILLUB.NS,Halal
BAJAJHIND.NS,Not Halal
AGI.NS,Halal
TINPLATE.NS,Halal
JAYNECOIND.NS,Not Halal
FEDFINA.NS,Not Halal
BALMLAWRIE.NS,Halal
BBOX.NS,Halal
BANCOINDIA.NS,Halal
JTEKTINDIA.NS,Halal
TCIEXP.NS,Halal
NOCIL.NS,Halal
ENTERO.NS,Halal
LUXIND.NS,Halal
SULA.NS,Not Halal
BHARATRAS.NS,Halal
VENUSPIPES.NS,Halal
KKCL.NS,Halal
GMRP&UI.NS,Not Halal
IMFA.NS,Halal
IMAGICAA.NS,Doubtful
DCBBANK.NS,Not Halal
SHANTIGEAR.NS,Halal
WSTCSTPAPR.NS,Not Halal
ASHIANA.NS,Halal
EQUITAS.NS,Not Halal
PILANIINVS.NS,Not Halal
SUBROS.NS,Halal
NEOGEN.NS,Halal
SAMHI.NS,Not Halal
ORISSAMINE.NS,Doubtful
MFL.NS,Halal
ADVENZYMES.NS,Halal
INOXGREEN.NS,Doubtful
TWL.NS,Halal
GOPAL.NS,Halal
SKIPPER.NS,Not Halal
FCL.NS,Halal
ROSSARI.NS,Halal
MEDIASSIST.NS,Doubtful
HATHWAY.NS,Not Halal
MANORAMA.NS,Not Halal
EXICOM.NS,Halal
GREENPANEL.NS,Halal
UNICHEMLAB.NS,Halal
BAJAJCON.NS,Halal
HGS.NS,Not Halal
LGBBROSLTD.NS,Halal
GENSOL.NS,Not Halal
ISMTLTD.NS,Halal
MUTHOOTMF.NS,Not Halal
SHARDACROP.NS,Halal
CARTRADE.NS,Not Halal
SUNFLAG.NS,Not Halal
THANGAMAYL.NS,Doubtful
BCG.NS,Not Halal
HIKAL.NS,Halal
TATASTLLP.NS,Not Halal
JTLIND.NS,Halal
YATHARTH.NS,Halal
GUFICBIO.NS,Halal
ASHAPURMIN.NS,Not Halal
SINDHUTRAD.NS,Doubtful
PARKHOTELS.NS,Doubtful
BOROLTD.NS,Halal
KSL.NS,Not Halal
LAOPALA.NS,Not Halal
CIGNITITEC.NS,Halal
STYRENIX.NS,Halal
RAMKY.NS,Not Halal
COSMOFILMS.NS,Not Halal
BOMDYEING.NS,Halal
ANUP.NS,Halal
PREMEXPLN.NS,Not Halal
SOTL.NS,Halal
GREENPLY.NS,Halal
KOLTEPATIL.NS,Not Halal
MAITHANALL.NS,Not Halal
DCXINDIA.NS,Not Halal
TCNSBRANDS.NS,Halal
THYROCARE.NS,Halal
PARAS.NS,Not Halal
JNKINDIA.NS,Halal
MPSLTD.NS,Halal
VSTTILLERS.NS,Doubtful
LUMAXTECH.NS,Not Halal
AVALON.NS,Halal
BFUTILITIE.NS,Not Halal
SSWL.NS,Not Halal
REPCOHOME.NS,Not Halal
UFLEX.NS,Not Halal
GIPCL.NS,Not Halal
NAVNETEDUL.NS,Halal
MAHLOG.NS,Halal
FIEMIND.NS,Halal
KDDL.NS,Not Halal
SAGCEM.NS,Not Halal
NUCLEUS.NS,Not Halal
TVSSRICHAK.NS,Not Halal
VADILALIND.NS,Halal
SANDHAR.NS,Not Halal
TIDEWATER.NS,Halal
DOLPHIN.NS,Not Halal
AWFIS.NS,Halal
BHAGCHEM.NS,Halal
DALMIASUG.NS,Not Halal
SCILAL.NS,Not Halal
SWARAJENG.NS,Halal
CARERATING.NS,Not Halal
DELTACORP.NS,Not Halal
NPST.NS,Not Halal
SBCL.NS,Halal
BANARISUG.NS,Not Halal
WENDT.NS,Halal
DOLLAR.NS,Halal
GANECOS.NS,Halal
ARVSMART.NS,Halal
PITTIENG.NS,Not Halal
DREDGECORP.NS,Not Halal
SALASAR.NS,Not Halal
SUNCLAY.NS,Not Halal
DISHTV.NS,Doubtful
FLAIR.NS,Halal
GOODYEAR.NS,Halal
SEPC.NS,Not Halal
SEQUENT.NS,Halal
BALUFORGE.NS,Halal
PRAKASH.NS,Halal
NRBBEARING.NS,Halal
SMLISUZU.NS,Halal
APOLLO.NS,Doubtful
NBVENTURES.NS,Not Halal
SUPRIYA.NS,Halal
BAJEL.NS,Halal
SHALBY.NS,Halal
GREAVESCOT.NS,Halal
INDOSTAR.NS,Not Halal
KCP.NS,Not Halal
AUTOAXLES.NS,Halal
SHAILY.NS,Halal
UNITECH.NS,Not Halal
INDOCO.NS,Halal
THEJO.NS,Halal
HLEGLAS.NS,Halal
JASH.NS,Halal
SOMANYCERA.NS,Halal
PFOCUS.NS,Not Halal
KOVAI.NS,Halal
GOODLUCK.NS,Not Halal
MMFL.NS,Not Halal
TIRUMALCHM.NS,Not Halal
IDEAFORGE.NS,Doubtful
VINDHYATEL.NS,Doubtful
NILKAMAL.NS,Halal
RAJRATAN.NS,Halal
PGIL.NS,Not Halal
HONDAPOWER.NS,Halal
HPL.NS,Not Halal
SPECTRUM.NS,Halal
INNOVACAP.NS,Halal
LANDMARK.NS,Halal
DHANI.NS,Not Halal
SEAMECLTD.NS,Halal
SHK.NS,Not Halal
GRAUWEIL.NS,Halal
E2E.NS,Halal
HINDWAREAP.NS,Not Halal
WEBELSOLAR.NS,Not Halal
DPABHUSHAN.NS,Doubtful
TASTYBITE.NS,Halal
INDIAGLYCO.NS,Not Halal
KALAMANDIR.NS,Halal
HMAAGRO.NS,Doubtful
IPL.NS,Halal
MAXVIL.NS,Not Halal
SAKSOFT.NS,Doubtful
APOLLOPIPE.NS,Halal
GTLINFRA.NS,Not Halal
JSLL.NS,Halal
EMSLIMITED.NS,Halal
ESAFSFB.NS,Not Halal
POLYPLEX.NS,Halal
CAPACITE.NS,Not Halal
MTNL.NS,Not Halal
STYLAMIND.NS,Halal
MOREPENLAB.NS,Halal
ALEMBICLTD.NS,Doubtful
MAYURUNIQ.NS,Halal
UNIVCABLES.NS,Not Halal
DOLATALGO.NS,Not Halal
MOLDTKPAC.NS,Halal
PSPPROJECT.NS,Halal
VENKEYS.NS,Doubtful
PFS.NS,Not Halal
CONFIPET.NS,Not Halal
SATIN.NS,Not Halal
EIHAHOTELS.NS,Doubtful
DCAL.NS,Not Halal
LUMAXIND.NS,Not Halal
ARMANFIN.NS,Not Halal
RPGLIFE.NS,Halal
UGROCAP.NS,Not Halal
CUPID.NS,Not Halal
DREAMFOLKS.NS,Halal
DEN.NS,Not Halal
VISHNU.NS,Halal
PCJEWELLER.NS,Not Halal
VAKRANGEE.NS,Not Halal
ORIENTHOT.NS,Doubtful
JPASSOCIAT.NS,Not Halal
HUHTAMAKI.NS,Halal
ACCELYA.NS,Halal
BEPL.NS,Halal
MANINDS.NS,Not Halal
JINDALPOLY.NS,Not Halal
AJMERA.NS,Not Halal
SHIL.NS,Not Halal
GEOJITFSL.NS,Not Halal
SJS.NS,Halal
ARTEMISMED.NS,Halal
ADFFOODS.NS,Doubtful
EVEREADY.NS,Halal
TARSONS.NS,Halal
MANGLMCEM.NS,Not Halal
FOSECOIND.NS,Halal
PRECWIRE.NS,Halal
GOKULAGRO.NS,Not Halal
SANGHIIND.NS,Not Halal
VSSL.NS,Halal
FILATEX.NS,Halal
BLSE.NS,Doubtful
HINDOILEXP.NS,Halal
APCOTEXIND.NS,Halal
TATVA.NS,Halal
SDBL.NS,Not Halal
GEPIL.NS,Halal
VPRPL.NS,Halal
PENIND.NS,Not Halal
ASTEC.NS,Halal
FINOPB.NS,Not Halal
DFMFOODS.NS,Halal
VIDHIING.NS,Halal
SASKEN.NS,Not Halal
INDRAMEDCO.NS,Halal
UNIPARTS.NS,Halal
MUKANDLTD.NS,Not Halal
MARATHON.NS,Not Halal
FMGOETZE.NS,Halal
QUICKHEAL.NS,Halal
CARYSIL.NS,Halal
OWAIS.NS,Halal
KINGFA.NS,Halal
XPROINDIA.NS,Halal
GLOBUSSPR.NS,Not Halal
PANAMAPET.NS,Halal
IOLCP.NS,Halal
OPTIEMUS.NS,Halal
IFGLEXPOR.NS,Halal
RPSGVENT.NS,Not Halal
BARBEQUE.NS,Doubtful
PARACABLES.NS,Halal
RPTECH.NS,Not Halal
BFINVEST.NS,Not Halal
JMCPROJECT.NS,Not Halal
UDAICEMENT.NS,Not Halal
AMRUTANJAN.NS,Halal
JYOTISTRUC.NS,Not Halal
JITFINFRA.NS,Not Halal
DIAMONDYD.NS,Halal
SUVEN.NS,Not Halal
IKIO.NS,Halal
PARAGMILK.NS,Not Halal
RAMCOIND.NS,Doubtful
DIVGIITTS.NS,Not Halal
HIL.NS,Not Halal
SURYODAY.NS,Not Halal
SBGLP.NS,Halal
JUBLINDS.NS,Halal
CENTUM.NS,Halal
SIGACHI.NS,Halal
YASHO.NS,Halal
TAJGVK.NS,Doubtful
SOLARA.NS,Not Halal
SIYSIL.NS,Halal
ANDHRAPAP.NS,Not Halal
SESHAPAPER.NS,Not Halal
SANGAMIND.NS,Not Halal
MOL.NS,Not Halal
GREENPOWER.NS,Not Halal
V2RETAIL.NS,Not Halal
TTKHLTCARE.NS,Not Halal
BSHSL.NS,Halal
RUPA.NS,Halal
EPACK.NS,Halal
HSIL.NS,Halal
POKARNA.NS,Halal
KRSNAA.NS,Halal
AHL.NS,Not Halal
JAGRAN.NS,Not Halal
GANDHAR.NS,Halal
BLKASHYAP.NS,Not Halal
YATRA.NS,Halal
AXISCADES.NS,Doubtful
THEMISMED.NS,Halal
UDS.NS,Halal
MUFIN.NS,Not Halal
MBAPL.NS,Halal
JTLINFRA.NS,Halal
RIIL.NS,Not Halal
ALICON.NS,Halal
GOCLCORP.NS,Not Halal
PNBGILTS.NS,Not Halal
PENINLAND.NS,Not Halal
EXPLEOSOL.NS,Doubtful
HITECH.NS,Not Halal
SHRIRAMPPS.NS,Not Halal
GTPL.NS,Doubtful
GENESYS.NS,Halal
GALLISPAT.NS,Not Halal
ADORWELD.NS,Halal
HITECHGEAR.NS,Not Halal
DCMSRIND.NS,Not Halal
NITINSPIN.NS,Not Halal
SWELECTES.NS,Not Halal
WHEELS.NS,Not Halal
SPICEJET.NS,Not Halal
TCPLPACK.NS,Not Halal
IRMENERGY.NS,Not Halal
DEEPINDS.NS,Doubtful
KICL.NS,Not Halal
TALBROAUTO.NS,Doubtful
PRECAM.NS,Halal
JINDRILL.NS,Not Halal
BHARATWIRE.NS,Halal
INDOTECH.NS,Halal
INDIANHUME.NS,Not Halal
AEROFLEX.NS,Halal
MONARCH.NS,Not Halal
CAMLINFINE.NS,Not Halal
CANTABIL.NS,Not Halal
DPSCLTD.NS,Halal
RICOAUTO.NS,Not Halal
TNPL.NS,Not Halal
SERVOTECH.NS,Halal
SIRCA.NS,Halal
SMCGLOBAL.NS,Not Halal
PIXTRANS.NS,Halal
RAMASTEEL.NS,Halal
GATI.NS,Halal
RANEHOLDIN.NS,Not Halal
GVKPIL.NS,Not Halal
ALPEXSOLAR.NS,Halal
INSECTICID.NS,Halal
NSIL.NS,Not Halal
GOLDIAM.NS,Doubtful
NELCO.NS,Halal
NOVARTIND.NS,Not Halal
SMSPHARMA.NS,Halal
STOVEKRAFT.NS,Halal
FAIRCHEMOR.NS,Halal
REFEX.NS,Not Halal
TEXINFRA.NS,Not Halal
ALLSEC.NS,Not Halal
GNA.NS,Halal
COSMOFIRST.NS,Not Halal
HLVLTD.NS,Doubtful
ANDREWYU.NS,Doubtful
LIKHITHA.NS,Halal
SHANKARA.NS,Halal
EVERESTIND.NS,Halal
TIL.NS,Not Halal
MOTISONS.NS,Doubtful
TFCILTD.NS,Not Halal
MARINE.NS,Halal
KRISHANA.NS,Not Halal
ROSSELLIND.NS,Doubtful
SURAJEST.NS,Halal
OMAXE.NS,Not Halal
KIRIINDUS.NS,Doubtful
RAMRAT.NS,Halal
DLINKINDIA.NS,Halal
YUKEN.NS,Halal
SPCENET.NS,Not Halal
BIGBLOC.NS,Halal
CENTRUM.NS,Not Halal
SUBEXLTD.NS,Halal
ATFL.NS,Halal
63MOONS.NS,Not Halal
5PAISA.NS,Not Halal
HARIOMPIPE.NS,Halal
HERCULES.NS,Not Halal
SHREDIGCEM.NS,Halal
DCW.NS,Not Halal
HESTERBIO.NS,Halal
RISHABH.NS,Halal
MADRASFERT.NS,Not Halal
IGARASHI.NS,Halal
IGPL.NS,Halal
SPIC.NS,Not Halal
INDNIPPON.NS,Doubtful
AGARIND.NS,Not Halal
SKYGOLD.NS,Not Halal
SADHNANIQ.NS,Halal
PVSL.NS,Not Halal
VASCONEQ.NS,Halal
JSWISPL.NS,Not Halal
NAVKARCORP.NS,Halal
ASAL.NS,Halal
DHAMPURSUG.NS,Not Halal
ANDHRSUGAR.NS,Halal
ATULAUTO.NS,Not Halal
OMINFRAL.NS,Halal
VINYAS.NS,Doubtful
EKC.NS,Halal
CAPITALSFB.NS,Not Halal
SUMMITSEC.NS,Doubtful
MANALIPETC.NS,Halal
DSSL.NS,Halal
NDTV.NS,Doubtful
BCLIND.NS,Not Halal
KOKUYOCMLN.NS,Halal
WINDLAS.NS,Halal
SAURASHCEM.NS,Not Halal
KABRAEXTRU.NS,Halal
MACPOWER.NS,Halal
ROTO.NS,Halal
SPAL.NS,Halal
KAMDHENU.NS,Halal
GPTINFRA.NS,Not Halal
SIGNPOST.NS,Doubtful
NGLFINE.NS,Halal
KODYTECH.NS,Halal
GMBREW.NS,Not Halal
DYCL.NS,Halal
SALZERELEC.NS,Not Halal
BESTAGRO.NS,Halal
MANGCHEFER.NS,Not Halal
NIITLTD.NS,Not Halal
NACLIND.NS,Not Halal
GKWLIMITED.NS,Not Halal
PUNJABCHEM.NS,Halal
RML.NS,Not Halal
DWARKESH.NS,Halal
KITEX.NS,Not Halal
CENTENKA.NS,Not Halal
GRPLTD.NS,Not Halal
ARIHANTSUP.NS,Not Halal
EXCELINDUS.NS,Doubtful
INEOSSTYRO.NS,Halal
RKSWAMY.NS,Halal
MATRIMONY.NS,Not Halal
TVTODAY.NS,Doubtful
ICEMAKE.NS,Halal
XCHANGING.NS,Not Halal
ZOTA.NS,Halal
KUANTUM.NS,Not Halal
APTECHT.NS,Halal
CONTROLPR.NS,Not Halal
STERTOOLS.NS,Halal
ACRYSIL.NS,Halal
KSOLVES.NS,Doubtful
SAHANA.NS,Halal
BUTTERFLY.NS,Halal
UTTAMSUGAR.NS,Not Halal
AVTNPL.NS,Halal
HERANBA.NS,Halal
GICHSGFIN.NS,Not Halal
HIMATSEIDE.NS,Not Halal
GULPOLY.NS,Halal
VERANDA.NS,Halal
ASALCBR.NS,Not Halal
STEELCAS.NS,Halal
SHALPAINTS.NS,Halal
WEL.NS,Halal
KECL.NS,Halal
ATL.NS,Not Halal
AWHCL.NS,Not Halal
NELCAST.NS,Not Halal
LINCOLN.NS,Not Halal
CREST.NS,Not Halal
ACLGATI.NS,Halal
IMPAL.NS,Not Halal
MAXIND.NS,Not Halal
STEELXIND.NS,Halal
MONTECARLO.NS,Halal
BLAL.NS,Not Halal
AVADHSUGAR.NS,Not Halal
REMUS.NS,Halal
COFFEEDAY.NS,Not Halal
RAJRILTD.NS,Halal
GPTHEALTH.NS,Halal
WALCHANNAG.NS,Not Halal
DVL.NS,Not Halal
KAMOPAINTS.NS,Halal
EIMCOELECO.NS,Not Halal
GIRIRAJ.NS,Not Halal
OAL.NS,Halal
SYNCOMF.NS,Doubtful
SNOWMAN.NS,Not Halal
ONEPOINT.NS,Not Halal
JAYBARMARU.NS,Not Halal
SOLEX.NS,Halal
RAMCOSYS.NS,Halal
GANESHBE.NS,Halal
BETA.NS,Halal
MVGJL.NS,Not Halal
MICEL.NS,Halal
URJA.NS,Halal
SATIA.NS,Halal
HIRECT.NS,Halal
KOPRAN.NS,Halal
UNIENTER.NS,Not Halal
ASIANENE.NS,Halal
INNOVANA.NS,Not Halal
VALIANTORG.NS,Halal
HUBTOWN.NS,Not Halal
INDORAMA.NS,Not Halal
AMNPLST.NS,Halal
INFOBEAN.NS,Not Halal
SASTASUNDR.NS,Not Halal
PLATIND.NS,Halal
CLSEL.NS,Halal
VIMTALABS.NS,Halal
BLISSGVS.NS,Halal
PPL.NS,Not Halal
ENIL.NS,Not Halal
DHANBANK.NS,Not Halal
DENTALKART.NS,Halal
TREL.NS,Not Halal
ESTER.NS,Not Halal
NCLIND.NS,Not Halal
FOCUS.NS,Halal
MUFTI.NS,Halal
CSLFINANCE.NS,Not Halal
SICALLOG.NS,Not Halal
DBOL.NS,Not Halal
HARDWYN.NS,Halal
SATINDLTD.NS,Not Halal
PAKKA.NS,Halal
FAZE3Q.NS,Halal
ELECTHERM.NS,Not Halal
SPORTKING.NS,Not Halal
ELDEHSG.NS,Not Halal
ORIENTPPR.NS,Not Halal
CREATIVE.NS,Halal
MSPL.NS,Not Halal
VHL.NS,Doubtful
KELLTONTEC.NS,Doubtful
KRYSTAL.NS,Halal
RGL.NS,Not Halal
REPRO.NS,Halal
TECHLABS.NS,Halal
SILVERTUC.NS,Halal
VISAKAIND.NS,Not Halal
ROHLTD.NS,Not Halal
VERTOZ.NS,Doubtful
KPIGLOBAL.NS,Not Halal
NAHARSPING.NS,Not Halal
MAGADSUGAR.NS,Not Halal
CHEMFAB.NS,Halal
KOTYARK.NS,Halal
KRISHNADEF.NS,Halal
EMKAYTOOLS.NS,Not Halal
SANDESH.NS,Not Halal
NDRAUTO.NS,Halal
NINSYS.NS,Not Halal
SRHHYPOLTD.NS,Not Halal
ZEEMEDIA.NS,Not Halal
AGSTRA.NS,Not Halal
GANDHITUBE.NS,Not Halal
SELAN.NS,Not Halal
ESSARSHPNG.NS,Not Halal
DECCANCE.NS,Not Halal
ZUARIIND.NS,Not Halal
SAKUMA.NS,Halal
LANCER.NS,Halal
JGCHEM.NS,Halal
DHARAMSI.NS,Halal
SUTLEJTEX.NS,Not Halal
BODALCHEM.NS,Not Halal
ACL.NS,Not Halal
SBC.NS,Halal
AMBIKCO.NS,Halal
BIRLAMONEY.NS,Not Halal
UGARSUGAR.NS,Not Halal
HEUBACHIND.NS,Halal
GLOSTERLTD.NS,Doubtful
CHEVIOT.NS,Not Halal
CHEMCON.NS,Halal
PDMJEPAPER.NS,Not Halal
ZODIAC.NS,Halal
ASIANTILES.NS,Not Halal
VLSFINANCE.NS,Not Halal
HPAL.NS,Halal
ONWARDTEC.NS,Halal
TRACXN.NS,Halal
JAGSNPHARM.NS,Halal
SHIVALIK.NS,Halal
GSLSU.NS,Halal
DHANVARSHA.NS,Not Halal
OSWALGREEN.NS,Not Halal
GRMOVER.NS,Halal
RSWM.NS,Not Halal
SARVESHWAR.NS,Not Halal
LINC.NS,Halal
STCINDIA.NS,Not Halal
ARROWGREEN.NS,Halal
DHARMAJ.NS,Halal
RADIANTCMS.NS,Halal
DENORA.NS,Not Halal
MUNJALAU.NS,Not Halal
FOODSIN.NS,Not Halal
INDOAMIN.NS,Halal
WEALTH.NS,Not Halal
POCL.NS,Halal
RUSHIL.NS,Not Halal
BAJAJHCARE.NS,Halal
GFLLIMITED.NS,Not Halal
APS.NS,Halal
SPECIALITY.NS,Doubtful
ELIN.NS,Halal
CHEMBOND.NS,Not Halal
ADSL.NS,Halal
HEXATRADEX.NS,Not Halal
SARLAPOLY.NS,Not Halal
PANACEABIO.NS,Halal
VIKASLIFE.NS,Doubtful
JAYAGROGN.NS,Halal
KRITI.NS,Halal
DIGISPICE.NS,Not Halal
BEDMUTHA.NS,Not Halal
DRONE.NS,Halal
SCHAND.NS,Not Halal
GHCLTEXTIL.NS,Halal
SHRIRAMEPC.NS,Not Halal
ZUARI.NS,Not Halal
JPOLYINVST.NS,Not Halal
ONMOBILE.NS,Doubtful
KOTHARIPET.NS,Halal
DMCC.NS,Halal
SPENCERS.NS,Not Halal
BASILIC.NS,Doubtful
TNPETRO.NS,Not Halal
STEL.NS,Not Halal
HINDMOTORS.NS,Doubtful
BIRLACABLE.NS,Not Halal
HMVL.NS,Not Halal
MAANALU.NS,Halal
BCONCEPTS.NS,Halal
SPMLINFRA.NS,Not Halal
NECLIFE.NS,Not Halal
CLNINDIA.NS,Halal
LOKESHMACH.NS,Not Halal
NRAIL.NS,Not Halal
SIMPLEXINF.NS,Not Halal
MOLDTECH.NS,Halal
THEINVEST.NS,Not Halal
TBZ.NS,Not Halal
GEECEE.NS,Not Halal
MINDTECK.NS,Not Halal
APEX.NS,Halal
ALBERTDAVD.NS,Not Halal
RBL.NS,Halal
SHREYAS.NS,Not Halal
OCCL.NS,Not Halal
BHAGERIA.NS,Halal
SAKAR.NS,Halal
GOACARBON.NS,Not Halal
PVP.NS,Not Halal
JINDALPHOT.NS,Doubtful
NAGAFERT.NS,Not Halal
DPWIRES.NS,Halal
AVG.NS,Not Halal
MENONBE.NS,Halal
WSI.NS,Halal
RADHIKAJWE.NS,Doubtful
INDSWFTLAB.NS,Not Halal
MMP.NS,Halal
TPLPLASTEH.NS,Halal
SUKHJITS.NS,Not Halal
ARIHANTCAP.NS,Not Halal
ASHIMASYN.NS,Not Halal
FOCE.NS,Halal
EMAMIPAP.NS,Not Halal
TRF.NS,Not Halal
BALAJITELE.NS,Doubtful
RUBYMILLS.NS,Not Halal
DHUNINV.NS,Not Halal
PRIMESECU.NS,Not Halal
LGHL.NS,Not Halal
VINYLINDIA.NS,Halal
PLASTIBLEN.NS,Halal
VLEGOV.NS,Halal
RACE.NS,Halal
PAVNAIND.NS,Halal
DONEAR.NS,Not Halal
FCSSOFT.NS,Not Halal
WTICAB.NS,Halal
ADVANIHOTR.NS,Not Halal
SKMEGGPROD.NS,Not Halal
CAREERP.NS,Not Halal
MANAKSIA.NS,Not Halal
MALLCOM.NS,Halal
CONSOFINVT.NS,Not Halal
LIBERTSHOE.NS,Not Halal
URAVI.NS,Halal
SREEL.NS,Not Halal
HINDCOMPOS.NS,Not Halal
RITCO.NS,Not Halal
VALIANTLAB.NS,Halal
MUNJALSHOW.NS,Not Halal
SJLOGISTIC.NS,Halal
20MICRONS.NS,Not Halal
REMSONSIND.NS,Not Halal
KHAICHEM.NS,Not Halal
PRESSMN.NS,Not Halal
TCLCONS.NS,Not Halal
HTMEDIA.NS,Not Halal
RAJTV.NS,Doubtful
3IINFOLTD.NS,Not Halal
NDL.NS,Not Halal
OSWALAGRO.NS,Not Halal
MIRZAINT.NS,Halal
RATNAVEER.NS,Not Halal
PARSVNATH.NS,Not Halal
NRL.NS,Halal
SCPL.NS,Halal
SUPREMEPWR.NS,Halal
TRU.NS,Not Halal
MEDICAMEQ.NS,Halal
MEGATHERM.NS,Halal
ATMASTCO.NS,Halal
TARACHAND.NS,Not Halal
ACCENTMIC.NS,Halal
SHREEPUSHK.NS,Halal
SINCLAIR.NS,Not Halal
IRISDOREME.NS,Halal
ORICONENT.NS,Not Halal
KERNEX.NS,Not Halal
KHADIM.NS,Not Halal
TVSELECT.NS,Halal
AARTISURF.NS,Halal
ABSMARINE.NS,Halal
RADIOCITY.NS,Not Halal
MBLINFRA.NS,Not Halal
KORE.NS,Halal
NOVAAGRI.NS,Halal
BINDALAGRO.NS,Not Halal
APCL.NS,Not Halal
ORIENTCER.NS,Halal
DEEPENR.NS,Not Halal
NAHARINDUS.NS,Not Halal
PYRAMID.NS,Halal
KRITINUT.NS,Halal
ALLETEC.NS,Not Halal
ASMS.NS,Halal
KAMATHOTEL.NS,Not Halal
HCL-INSYS.NS,Not Halal
MAZDA.NS,Halal
PTL.NS,Not Halal
ALANKIT.NS,Doubtful
AXITA.NS,Halal
PRATHAM.NS,Halal
CEBBCO.NS,Halal
TAC.NS,Halal
TIRUPATI.NS,Halal
INDOBORAX.NS,Not Halal
DUGLOBAL.NS,Halal
GENUSPAPER.NS,Not Halal
VIKASECO.NS,Halal
FELIX.NS,Halal
MANAKCOAT.NS,Not Halal
ORIENTBELL.NS,Halal
KILITCH.NS,Halal
DIAMINESQ.NS,Halal
PHANTOMFX.NS,Doubtful
WINDMACHIN.NS,Halal
BIL.NS,Not Halal
KRISHIVAL.NS,Halal
NITCO.NS,Not Halal
ANNAPURNA.NS,Halal
KRITIKA.NS,Halal
RCOM.NS,Not Halal
RBZJEWEL.NS,Not Halal
MIRCELECTR.NS,Halal
SILINV.NS,Not Halal
INTLCONV.NS,Not Halal
WANBURY.NS,Not Halal
KOTARISUG.NS,Not Halal
BPL.NS,Doubtful
FROG.NS,Halal
SHIVAMAUTO.NS,Not Halal
CELLECOR.NS,Halal
JETAIRWAYS.NS,Not Halal
NAHARPOLY.NS,Halal
MUTHOOTCAP.NS,Not Halal
BANSWRAS.NS,Not Halal
BBTCL.NS,Not Halal
ZIMLAB.NS,Halal
KANORICHEM.NS,Not Halal
VINSYS.NS,Halal
VIPULLTD.NS,Not Halal
MEGASOFT.NS,Not Halal
INSPIRISYS.NS,Not Halal
VSTL.NS,Halal
AUTOIND.NS,Not Halal
EUROBOND.NS,Halal
GEEKAYWIRE.NS,Not Halal
PROZONER.NS,Not Halal
ZUARIGLOB.NS,Not Halal
CYBERTECH.NS,Not Halal
ORBTEXP.NS,Halal
PRECOT.NS,Not Halal
NAHARCAP.NS,Not Halal
UFO.NS,Doubtful
ASAHISONG.NS,Not Halal
LAWSIKHO.NS,Halal
CLEDUCATE.NS,Halal
SGIL.NS,Halal
RPPINFRA.NS,Not Halal
SAHYADRI.NS,Halal
VENUSREM.NS,Halal
VISHAL.NS,Not Halal
UNIDT.NS,Halal
AYMSYNTEX.NS,Not Halal
IZMO.NS,Halal
VISHNUINFR.NS,Halal
SADBHAV.NS,Not Halal
MAHEPC.NS,Halal
RSSOFTWARE.NS,Halal
RBMINFRA.NS,Halal
NILAINFRA.NS,Not Halal
PRITIKAUTO.NS,Not Halal
KCPSUGIND.NS,Not Halal
BRNL.NS,Not Halal
VARDHACRLC.NS,Not Halal
TCL.NS,Halal
MKPL.NS,Halal
CGRAPHICS.NS,Halal
DICIND.NS,Halal
MOS.NS,Not Halal
CINELINE.NS,Not Halal
REFRACTORY.NS,Halal
EMKAY.NS,Not Halal
NBIFIN.NS,Doubtful
IFBAGRO.NS,Not Halal
REVATHI.NS,Halal
4THDIM.NS,Halal
ABAN.NS,Not Halal
NIPPOBATRY.NS,Not Halal
SAKHTISUG.NS,Not Halal
EXXARO.NS,Halal
BEWLTD.NS,Halal
PREMIERPOL.NS,Halal
SRGHFL.NS,Not Halal
KAYA.NS,Not Halal
SHIVAUM.NS,Not Halal
MAWANASUG.NS,Not Halal
AURUM.NS,Not Halal
ESSENTIA.NS,Not Halal
WINSOL.NS,Halal
VMARCIND.NS,Not Halal
PODDARMENT.NS,Halal
GLOBAL.NS,Halal
GOLDTECH.NS,Halal
ELGIRUBCO.NS,Not Halal
IRIS.NS,Halal
APOLSINHOT.NS,Not Halal
SHEMAROO.NS,Not Halal
SIGMA.NS,Halal
A2ZINFRA.NS,Not Halal
SRM.NS,Halal
SHERA.NS,Not Halal
MODISONLTD.NS,Halal
PONNIERODE.NS,Not Halal
UNIVPHOTO.NS,Not Halal
COOLCAPS.NS,Halal
SURANI.NS,Halal
GOKUL.NS,Not Halal
EMAMIREAL.NS,Not Halal
NXTDIGITAL.NS,Not Halal
KDL.NS,Halal
SAAKSHI.NS,Halal
PLAZACABLE.NS,Halal
DJML.NS,Halal
IVC.NS,Not Halal
KOTHARIPRO.NS,Not Halal
IITL.NS,Not Halal
NATHBIOGEN.NS,Halal
PROZONINTU.NS,Not Halal
USK.NS,Halal
DCMNVL.NS,Not Halal
MWL.NS,Not Halal
PURVFLEXI.NS,Not Halal
SOFTTECH.NS,Halal
KMSUGAR.NS,Not Halal
RUCHIRA.NS,Halal
LAL.NS,Halal
SHYAMCENT.NS,Not Halal
TRIGYN.NS,Not Halal
RANASUG.NS,Not Halal
SARTELE.NS,Halal
HITECHCORP.NS,Halal
SINTERCOM.NS,Halal
SWARAJ.NS,Not Halal
UCAL.NS,Not Halal
RELCAPITAL.NS,Not Halal
MANAKSTEEL.NS,Not Halal
ALMONDZ.NS,Not Halal
RMDRIP.NS,Halal
LYKALABS.NS,Halal
STARPAPER.NS,Not Halal
SKP.NS,Halal
BHAGYANGR.NS,Not Halal
SYSTANGO.NS,Doubtful
DANGEE.NS,Doubtful
VIRINCHI.NS,Not Halal
GOLDSTAR.NS,Halal
KAPSTON.NS,Not Halal
SHREYANIND.NS,Halal
PROV.NS,Halal
AIRAN.NS,Halal
BYKE.NS,Not Halal
GOYALSALT.NS,Halal
KARNIKA.NS,Halal
LANCORHOL.NS,Not Halal
EIFFL.NS,Halal
SOUTHWEST.NS,Halal
MEDICO.NS,Halal
TAKE.NS,Halal
WATERBASE.NS,Halal
PASUPTAC.NS,Not Halal
MANOMAY.NS,Not Halal
CRAYONS.NS,Doubtful
REPL.NS,Halal
PASHUPATI.NS,Not Halal
SEJALLTD.NS,Not Halal
GULFPETRO.NS,Halal
CHAVDA.NS,Not Halal
INTENTECH.NS,Not Halal
KNAGRI.NS,Not Halal
CORDSCABLE.NS,Not Halal
INFINIUM.NS,Not Halal
ARIES.NS,Not Halal
NEWJAISA.NS,Halal
ATLANTAA.NS,Not Halal
DYNPRO.NS,Halal
ORIENTABRA.NS,Halal
WFL.NS,Halal
HARRMALAYA.NS,Not Halal
COASTCORP.NS,Not Halal
TEMBO.NS,Halal
SHREERAMA.NS,Halal
GLOBALVECT.NS,Not Halal
ESFL.NS,Halal
AVPINFRA.NS,Halal
NDLVENTURE.NS,Not Halal
RHL.NS,Not Halal
VISHWARAJ.NS,Not Halal
MAGNUM.NS,Not Halal
MANORG.NS,Not Halal
ZODIACLOTH.NS,Not Halal
GSCLCEMENT.NS,Halal
RAMAPHO.NS,Halal
MGEL.NS,Not Halal
SUNDRMBRAK.NS,Halal
SADHAV.NS,Halal
RVHL.NS,Not Halal
OMAXAUTO.NS,Not Halal
INDOTHAI.NS,Not Halal
RAMANEWS.NS,Not Halal
AVONMORE.NS,Not Halal
CCHHL.NS,Not Halal
INDTERRAIN.NS,Not Halal
RAJMET.NS,Halal
JAYSREETEA.NS,Not Halal
PROPEQUITY.NS,Not Halal
IL&FSENGG.NS,Not Halal
DYNAMIC.NS,Not Halal
DCI.NS,Halal
PILITA.NS,Halal
VARDMNPOLY.NS,Not Halal
MARALOVER.NS,Not Halal
MEGASTAR.NS,Halal
BGRENERGY.NS,Not Halal
BASML.NS,Not Halal
DRCSYSTEMS.NS,Halal
RANEENGINE.NS,Not Halal
ROCKINGDCE.NS,Halal
SMARTLINK.NS,Not Halal
VIPCLOTHNG.NS,Not Halal
SMLT.NS,Halal
UMAEXPORTS.NS,Not Halal
PRLIND.NS,Halal
PAR.NS,Halal
AARON.NS,Halal
NILASPACES.NS,Not Halal
PPAP.NS,Not Halal
EQUIPPP.NS,Halal
WELINV.NS,Not Halal
NURECA.NS,Doubtful
RPPL.NS,Not Halal
DIGIKORE.NS,Doubtful
MURUDCERA.NS,Not Halal
GINNIFILA.NS,Halal
GUJAPOLLO.NS,Not Halal
UCALFUEL.NS,Not Halal
COMSYN.NS,Halal
ROXHITECH.NS,Halal
ASIANHOTNR.NS,Not Halal
RUCHINFRA.NS,Not Halal
DEVIT.NS,Halal
CROWN.NS,Not Halal
KONSTELEC.NS,Halal
LOYALTEX.NS,Not Halal
SIGIND.NS,Not Halal
CANARYS.NS,Halal
OSIAHYPER.NS,Not Halal
INDOWIND.NS,Not Halal
MCLEODRUSS.NS,Not Halal
HINDCON.NS,Doubtful
LLOYDS.NS,Halal
NITIRAJ.NS,Halal
ABCOTS.NS,Not Halal
SURANAT&P.NS,Not Halal
GSS.NS,Not Halal
ATAM.NS,Halal
IEL.NS,Not Halal
ESCONET.NS,Halal
KCEIL.NS,Halal
SVLL.NS,Not Halal
TIPSFILMS.NS,Not Halal
MAHAPEXLTD.NS,Doubtful
AHLEAST.NS,Doubtful
ABINFRA.NS,Halal
HILTON.NS,Not Halal
ALPHAGEO.NS,Not Halal
NOIDATOLL.NS,Not Halal
SMSLIFE.NS,Not Halal
ARHAM.NS,Halal
PIONDIST.NS,Not Halal
SAH.NS,Halal
OSWALSEEDS.NS,Not Halal
BAIDFIN.NS,Not Halal
LAGNAM.NS,Not Halal
ZEELEARN.NS,Not Halal
SHIVATEX.NS,Not Halal
MODIRUBBER.NS,Not Halal
COMPUSOFT.NS,Not Halal
NDGL.NS,Not Halal
SUPERHOUSE.NS,Not Halal
INVENTURE.NS,Not Halal
NECCLTD.NS,Not Halal
VETO.NS,Halal
AURDIS.NS,Not Halal
LGBFORGE.NS,Halal
RAJSREESUG.NS,Not Halal
TEXMOPIPES.NS,Halal
ANLON.NS,Halal
PARAGON.NS,Halal
PARIN.NS,Not Halal
GVPTECH.NS,Halal
VISASTEEL.NS,Not Halal
EFACTOR.NS,Halal
TREJHARA.NS,Not Halal
UNIVASTU.NS,Not Halal
THOMASCOTT.NS,Halal
HDIL.NS,Not Halal
JMA.NS,Not Halal
SHREEOSFM.NS,Halal
KANPRPLA.NS,Not Halal
STARTECK.NS,Not Halal
SUPREMEINF.NS,Not Halal
LEMERITE.NS,Not Halal
VISESHINFO.NS,Halal
ARCHIDPLY.NS,Not Halal
DRSDILIP.NS,Halal
MHLXMIRU.NS,Halal
HOMESFY.NS,Halal
PRAXIS.NS,Not Halal
SUMIT.NS,Not Halal
TTL.NS,Not Halal
AKI.NS,Halal
AIROLAM.NS,Not Halal
MODISNME.NS,Halal
QUESTLAB.NS,Halal
INDBANK.NS,Not Halal
BROOKS.NS,Halal
SELMC.NS,Not Halal
SADBHIN.NS,Not Halal
AKSHARCHEM.NS,Halal
SONAMAC.NS,Halal
GENCON.NS,Not Halal
RKEC.NS,Not Halal
GRCL.NS,Halal
ASPINWALL.NS,Halal
ARVEE.NS,Halal
UMANGDAIRY.NS,Halal
DELAPLEX.NS,Halal
ANMOL.NS,Not Halal
SECL.NS,Not Halal
AARVI.NS,Halal
SORILINFRA.NS,Halal
BAFNAPH.NS,Halal
DTIL.NS,Not Halal
INFOLLION.NS,Halal
INCREDIBLE.NS,Not Halal
UNITEDPOLY.NS,Not Halal
SSFL.NS,Doubtful
MAXPOSURE.NS,Not Halal
DELPHIFX.NS,Not Halal
CADSYS.NS,Not Halal
SPECTSTM.NS,Not Halal
ISFT.NS,Not Halal
PRAENG.NS,Not Halal
MITCON.NS,Not Halal
PRITI.NS,Halal
SHIGAN.NS,Not Halal
K2INFRA.NS,Halal
BSL.NS,Not Halal
AARTECH.NS,Doubtful
GTL.NS,Not Halal
CORALFINAC.NS,Not Halal
EROSMEDIA.NS,Not Halal
USASEEDS.NS,Halal
EFORCE.NS,Halal
CAPTRUST.NS,Not Halal
MAHESHWARI.NS,Not Halal
BALPHARMA.NS,Not Halal
QMSMEDI.NS,Halal
UNIHEALTH.NS,Halal
AHLWEST.NS,Not Halal
SHRADHA.NS,Not Halal
ZEAL.NS,Halal
BTML.NS,Doubtful
RHFL.NS,Not Halal
LOVABLE.NS,Not Halal
SURANASOL.NS,Halal
MANAKALUCO.NS,Not Halal
INM.NS,Halal
WEIZMANIND.NS,Halal
ASCOM.NS,Not Halal
DUCON.NS,Not Halal
FCONSUMER.NS,Not Halal
EMMBI.NS,Not Halal
TIRUPATIFL.NS,Halal
GAYAPROJ.NS,Not Halal
CTE.NS,Not Halal
ALPA.NS,Not Halal
MODTHREAD.NS,Halal
ONDOOR.NS,Halal
ATLANTA.NS,Not Halal
MDL.NS,Halal
VITAL.NS,Halal
SEMAC.NS,Halal
NIRAJ.NS,Not Halal
MADHUSUDAN.NS,Halal
PANSARI.NS,Not Halal
HINDNATGLS.NS,Not Halal
SALSTEEL.NS,Not Halal
WORTH.NS,Halal
SHAH.NS,Not Halal
GILLANDERS.NS,Not Halal
BAGFILMS.NS,Not Halal
JPINFRATEC.NS,Not Halal
DENEERS.NS,Not Halal
KAKATCEM.NS,Not Halal
UNITEDTEA.NS,Not Halal
SOMICONVEY.NS,Halal
CENTEXT.NS,Not Halal
KLL.NS,Halal
SPLIL.NS,Not Halal
DBSTOCKBRO.NS,Not Halal
OILCOUNTUB.NS,Not Halal
GREENCHEF.NS,Halal
JOCIL.NS,Halal
XELPMOC.NS,Doubtful
SWASTIK.NS,Not Halal
MANGALAM.NS,Not Halal
BHARATGEAR.NS,Not Halal
SONAMCLOCK.NS,Halal
FRETAIL.NS,Not Halal
IVP.NS,Not Halal
ARTNIRMAN.NS,Halal
BAWEJA.NS,Doubtful
CMNL.NS,Not Halal
VAISHALI.NS,Halal
ROML.NS,Halal
DIGJAMLMTD.NS,Halal
TARMAT.NS,Halal
MAHASTEEL.NS,Not Halal
ZENITHEXPO.NS,Not Halal
AHLADA.NS,Not Halal
AMJLAND.NS,Not Halal
TOTAL.NS,Halal
INDOSOLAR.NS,Not Halal
SIKKO.NS,Halal
JHS.NS,Halal
TOUCHWOOD.NS,Doubtful
KHFM.NS,Not Halal
SIL.NS,Not Halal
ANDHRACEMT.NS,Not Halal
MADHAVBAUG.NS,Halal
RELCHEMQ.NS,Not Halal
KREBSBIO.NS,Not Halal
ARSHIYA.NS,Not Halal
SALONA.NS,Not Halal
SKIL.NS,Not Halal
LAMBODHARA.NS,Not Halal
HPIL.NS,Halal
KALYANIFRG.NS,Not Halal
SONAMLTD.NS,Halal
PALREDTEC.NS,Not Halal
INDIANCARD.NS,Not Halal
GANGESSECU.NS,Not Halal
TAINWALCHM.NS,Not Halal
PANACHE.NS,Not Halal
FONEBOX.NS,Halal
ACCURACY.NS,Not Halal
KBCGLOBAL.NS,Not Halal
BEARDSELL.NS,Not Halal
MUKTAARTS.NS,Not Halal
GOLDKART.NS,Not Halal
PRAKASHSTL.NS,Doubtful
AAATECH.NS,Halal
STEELCITY.NS,Not Halal
RULKA.NS,Halal
MRO-TEK.NS,Not Halal
MEP.NS,Not Halal
DCG.NS,Halal
SPYL.NS,Not Halal
ANSALAPI.NS,Not Halal
KOHINOOR.NS,Not Halal
DHRUV.NS,Halal
BHANDARI.NS,Not Halal
PRAMARA.NS,Halal
TCIDEVELOP.NS,Not Halal
CUBEXTUB.NS,Halal
URBAN.NS,Halal
KEL.NS,Halal
TRANSTEEL.NS,Halal
AKSHOPTFBR.NS,Not Halal
SUNDARAM.NS,Halal
DCM.NS,Halal
BALAXI.NS,Not Halal
WIPL.NS,Halal
SINTEX.NS,Not Halal
PATINTLOG.NS,Not Halal
JAINAM.NS,Not Halal
S&SPOWER.NS,Not Halal
PIONEEREMB.NS,Not Halal
AISL.NS,Not Halal
FIDEL.NS,Halal
SREINFRA.NS,Not Halal
SOTAC.NS,Halal
AUSOMENT.NS,Not Halal
MOTOGENFIN.NS,Halal
PALASHSECU.NS,Not Halal
PARASPETRO.NS,Not Halal
SURYALAXMI.NS,Not Halal
STAMPEDE.NS,Doubtful
LPDC.NS,Not Halal
ALUWIND.NS,Halal
IBLFL.NS,Not Halal
ANIKINDS.NS,Not Halal
BHAGYAPROP.NS,Not Halal
SHAHALLOYS.NS,Not Halal
SETCO.NS,Not Halal
LOTUSEYE.NS,Halal
AMDIND.NS,Not Halal
AAKASH.NS,Halal
PARTYCRUS.NS,Doubtful
SIMBHALS.NS,Not Halal
SECURKLOUD.NS,Not Halal
IL&FSTRANS.NS,Not Halal
DIL.NS,Halal
GOYALALUM.NS,Halal
ALKALI.NS,Halal
IPSL.NS,Halal
NIRMAN.NS,Halal
AAREYDRUGS.NS,Not Halal
SONAHISONA.NS,Not Halal
EXCEL.NS,Not Halal
SOMATEX.NS,Not Halal
HECPROJECT.NS,Not Halal
AVROIND.NS,Halal
KEYFINSERV.NS,Not Halal
BVCL.NS,Not Halal
DGCONTENT.NS,Not Halal
OBCL.NS,Halal
SUVIDHAA.NS,Not Halal
ROLLT.NS,Not Halal
LASA.NS,Doubtful
INDSWFTLTD.NS,Not Halal
ORIENTLTD.NS,Not Halal
FIBERWEB.NS,Halal
AGRITECH.NS,Not Halal
DAMODARIND.NS,Not Halal
SCML.NS,Not Halal
SAMPANN.NS,Not Halal
SECMARK.NS,Doubtful
PULZ.NS,Halal
MASTER.NS,Halal
GANGAFORGE.NS,Halal
ENERGYDEV.NS,Not Halal
ZENITHSTL.NS,Not Halal
DELTAMAGNT.NS,Not Halal
YAARI.NS,Not Halal
CINEVISTA.NS,Doubtful
TOKYOPLAST.NS,Halal
VINNY.NS,Halal
KCK.NS,Not Halal
ADROITINFO.NS,Halal
GISOLUTION.NS,Not Halal
MCL.NS,Halal
HISARMETAL.NS,Not Halal
TREEHOUSE.NS,Doubtful
MHHL.NS,Halal
GICL.NS,Halal
TIMESGTY.NS,Not Halal
PIGL.NS,Halal
CELEBRITY.NS,Not Halal
SEL.NS,Halal
DOLLEX.NS,Not Halal
BIOFILCHEM.NS,Halal
GROBTEA.NS,Halal
PKTEA.NS,Not Halal
REGENCERAM.NS,Not Halal
TFL.NS,Not Halal
TPHQ.NS,Not Halal
GLOBALPET.NS,Halal
BLBLIMITED.NS,Not Halal
NAGREEKEXP.NS,Not Halal
SAIFL.NS,Halal
AJOONI.NS,Halal
BANKA.NS,Halal
MCON.NS,Halal
MAL.NS,Not Halal
ASTRON.NS,Not Halal
VASWANI.NS,Not Halal
HOLMARC.NS,Halal
MCDHOLDING.NS,Not Halal
TERASOFT.NS,Not Halal
SAMBHAAV.NS,Doubtful
AGNI.NS,Halal
AGROPHOS.NS,Not Halal
ARABIAN.NS,Not Halal
MAITREYA.NS,Halal
PNC.NS,Doubtful
SYNOPTICS.NS,Halal
PENTAGON.NS,Halal
AUROIMPEX.NS,Not Halal
BABAFP.NS,Halal
SIDDHIKA.NS,Not Halal
PUNJLLOYD.NS,Not Halal
RCDL.NS,Not Halal
GAL.NS,Not Halal
NGIL.NS,Halal
LATTEYS.NS,Halal
AJRINFRA.NS,Not Halal
FLEXITUFF.NS,Not Halal
AROGRANITE.NS,Not Halal
ARCHIES.NS,Not Halal
BALKRISHNA.NS,Not Halal
GLOBE.NS,Not Halal
BMETRICS.NS,Halal
CEREBRAINT.NS,Halal
MARCO.NS,Not Halal
NIBL.NS,Not Halal
WEWIN.NS,Halal
MADHUCON.NS,Not Halal
HOVS.NS,Halal
PROLIFE.NS,Not Halal
SHIVAMILLS.NS,Halal
MAHICKRA.NS,Halal
ARIHANTACA.NS,Not Halal
SVPGLOB.NS,Not Halal
LEXUS.NS,Not Halal
AKSHAR.NS,Halal
GOLDENTOBC.NS,Not Halal
MBECL.NS,Not Halal
AVSL.NS,Not Halal
GRAPHISAD.NS,Not Halal
PRUDMOULI.NS,Not Halal
SECURCRED.NS,Not Halal
MOKSH.NS,Not Halal
QUICKTOUCH.NS,Not Halal
CLOUD.NS,Halal
TRIDHYA.NS,Not Halal
KARMAENG.NS,Not Halal
KTL.NS,Not Halal
MAGSON.NS,Doubtful
AKG.NS,Halal
HBSL.NS,Not Halal
MONOPHARMA.NS,Not Halal
MARSHALL.NS,Not Halal
AMBANIORG.NS,Not Halal
PRECISION.NS,Not Halal
OMFURN.NS,Not Halal
ROLTA.NS,Not Halal
SILGO.NS,Not Halal
KKVAPOW.NS,Halal
CLSL.NS,Halal
MITTAL.NS,Not Halal
PATTECH.NS,Halal
BIRLATYRE.NS,Not Halal
WOMANCART.NS,Halal
VELS.NS,Not Halal
SHEETAL.NS,Halal
SPRL.NS,Not Halal
ABMINTLLTD.NS,Halal
REXPIPES.NS,Not Halal
CELLPOINT.NS,Not Halal
TIJARIA.NS,Not Halal
MICROPRO.NS,Halal
VIAZ.NS,Halal
KANANIIND.NS,Halal
SERVICE.NS,Not Halal
VERTEXPLUS.NS,Halal
SANGANI.NS,Not Halal
MANUGRAPH.NS,Not Halal
SPTL.NS,Not Halal
YUDIZ.NS,Not Halal
MVKAGRO.NS,Not Halal
PRITIKA.NS,Not Halal
LFIC.NS,Not Halal
SEYAIND.NS,Not Halal
JETFREIGHT.NS,Not Halal
KONTOR.NS,Halal
BANG.NS,Not Halal
BRFL.NS,Not Halal
AMEYA.NS,Halal
AATMAJ.NS,Doubtful
ACSAL.NS,Halal
BANARBEADS.NS,Doubtful
GATECH.NS,Doubtful
MALUPAPER.NS,Not Halal
COMMITTED.NS,Halal
GTECJAINX.NS,Halal
RKDL.NS,Not Halal
RILINFRA.NS,Halal
CPS.NS,Halal
GODHA.NS,Doubtful
SEPOWER.NS,Not Halal
TAPIFRUIT.NS,Halal
21STCENMGM.NS,Not Halal
ASLIND.NS,Not Halal
ARSSINFRA.NS,Not Halal
FEL.NS,Not Halal
ANKITMETAL.NS,Not Halal
VSCL.NS,Not Halal
AKASH.NS,Not Halal
ATALREAL.NS,Halal
PEARLPOLY.NS,Not Halal
3PLAND.NS,Not Halal
VINEETLAB.NS,Not Halal
JBFIND.NS,Not Halal
AARVEEDEN.NS,Not Halal
SHRENIK.NS,Not Halal
PODDARHOUS.NS,Not Halal
TECILCHEM.NS,Not Halal
VIVIMEDLAB.NS,Not Halal
SITINET.NS,Not Halal
UCL.NS,Not Halal
LAXMICOT.NS,Not Halal
ARISTO.NS,Not Halal
WALPAR.NS,Not Halal
DNAMEDIA.NS,Not Halal
GRETEX.NS,Halal
DIAPOWER.NS,Not Halal
ADL.NS,Not Halal
BURNPUR.NS,Not Halal
UMA.NS,Not Halal
JAIPURKURT.NS,Not Halal
BINANIIND.NS,Not Halal
DESTINY.NS,Not Halal
EDUCOMP.NS,Not Halal
RELIABLE.NS,Not Halal
AMBICAAGAR.NS,Not Halal
KEEPLEARN.NS,Halal
MILTON.NS,Not Halal
ITALIANE.NS,Not Halal
UJAAS.NS,Doubtful
MORARJEE.NS,Not Halal
SUPERSPIN.NS,Not Halal
SAGARDEEP.NS,Halal
DHTL.NS,Halal
YCCL.NS,Halal
TNTELE.NS,Not Halal
JETKNIT.NS,Not Halal
UWCSL.NS,Halal
PERFECT.NS,Not Halal
UTTAMSTL.NS,Not Halal
LIBAS.NS,Doubtful
DKEGL.NS,Halal
SANGINITA.NS,Not Halal
SICAL.NS,Not Halal
TIMESCAN.NS,Doubtful
COUNCODOS.NS,Halal
NEXTMEDIA.NS,Not Halal
ICDSLTD.NS,Not Halal
SUULD.NS,Not Halal
FLFL.NS,Not Halal
CMRSL.NS,Halal
NIDAN.NS,Not Halal
KHANDSE.NS,Not Halal
SRPL.NS,Not Halal
TECHIN.NS,Not Halal
ISHAN.NS,Halal
INSPIRE.NS,Not Halal
SHANTHALA.NS,Halal
JFLLIFE.NS,Halal
GSTL.NS,Halal
UNIINFO.NS,Halal
SGL.NS,Not Halal
KEERTI.NS,Halal
TGBHOTELS.NS,Not Halal
VERITAAS.NS,Doubtful
AGARWALFT.NS,Not Halal
SONUINFRA.NS,Not Halal
FMNL.NS,Not Halal
POLYSIL.NS,Not Halal
WILLAMAGOR.NS,Not Halal
MADHAV.NS,Not Halal
MEGAFLEX.NS,Not Halal
CYBERMEDIA.NS,Not Halal
CBAZAAR.NS,Halal
KHAITANLTD.NS,Not Halal
KRIDHANINF.NS,Not Halal
JIWANRAM.NS,Not Halal
MAKS.NS,Not Halal
SANWARIA.NS,Not Halal
MARINETRAN.NS,Halal
SUMEETINDS.NS,Not Halal
SHAIVAL.NS,Halal
ACEINTEG.NS,Halal
HAVISHA.NS,Not Halal
VIJIFIN.NS,Not Halal
KAVVERITEL.NS,Doubtful
HRHNEXT.NS,Halal
QFIL.NS,Not Halal
LCCINFOTEC.NS,Not Halal
IMPEXFERRO.NS,Not Halal
ORIENTALTL.NS,Not Halal
AILIMITED.NS,Halal
TMRVL.NS,Not Halal
ANSALHSG.NS,Not Halal
MOHITIND.NS,Not Halal
KSHITIJPOL.NS,Not Halal
NKIND.NS,Not Halal
INFOMEDIA.NS,Not Halal
SABAR.NS,Not Halal
VIVIDHA.NS,Halal
SHUBHLAXMI.NS,Not Halal
BOHRAIND.NS,Halal
VIKASWSP.NS,Not Halal
BCP.NS,Not Halal
COMPINFO.NS,Not Halal
AGUL.NS,Not Halal
MOXSH.NS,Halal
VILINBIO.NS,Not Halal
QUADPRO.NS,Doubtful
NAGREEKCAP.NS,Not Halal
GAYAHWS.NS,Not Halal
SUPREMEENG.NS,Not Halal
NARMADA.NS,Not Halal
CALSOFT.NS,Halal
KANDARP.NS,Doubtful
TVVISION.NS,Not Halal
MERCATOR.NS,Not Halal
VIKASPROP.NS,Not Halal
GOENKA.NS,Not Halal
SAHAJ.NS,Not Halal
CONTI.NS,Not Halal
HEADSUP.NS,Not Halal
WINPRO.NS,Not Halal
GUJRAFFIA.NS,Not Halal
PLADAINFO.NS,Not Halal
ONELIFECAP.NS,Not Halal
WINSOME.NS,Not Halal
KAUSHALYA.NS,Not Halal
TARAPUR.NS,Not Halal
VERA.NS,Halal
MTEDUCARE.NS,Not Halal
GFSTEELS.NS,Not Halal
ANTGRAPHIC.NS,Doubtful
AMJUMBO.NS,Not Halal
MASKINVEST.NS,Doubtful
SPENTEX.NS,Not Halal
OLIL.NS,Halal
BRIGHT.NS,Not Halal
DRL.NS,Not Halal
METALFORGE.NS,Not Halal
GLFL.NS,Not Halal
RITEZONE.NS,Halal
PBAINFRA.NS,Not Halal
BLUECHIP.NS,Not Halal
SILLYMONKS.NS,Not Halal
TANTIACONS.NS,Not Halal
MPTODAY.NS,Not Halal
SHANTI.NS,Halal
FSC.NS,Not Halal
INTEGRA.NS,Not Halal
EASTSILK.NS,Not Halal
SHYAMTEL.NS,Not Halal
VIVO.NS,Not Halal
LYPSAGEMS.NS,Halal
SAROJA.NS,Not Halal
RMCL.NS,Not Halal
BKMINDST.NS,Not Halal
VICEROY.NS,Not Halal
TRANSWIND.NS,Not Halal
VCL.NS,Not Halal
RICHA.NS,Not Halal
BARTRONICS.NS,Not Halal
ORTINLAB.NS,Halal
OMKARCHEM.NS,Not Halal
CREATIVEYE.NS,Not Halal
NORBTEAEXP.NS,Not Halal
MANAV.NS,Not Halal
JAKHARIA.NS,Not Halal
UMESLTD.NS,Not Halal
DCMFINSERV.NS,Not Halal
TCIFINANCE.NS,Not Halal
AMIABLE.NS,Not Halal
SMVD.NS,Not Halal
ARENTERP.NS,Not Halal
SATHAISPAT.NS,Not Halal
PDPL.NS,Not Halal
SABTN.NS,Not Halal
ALPSINDUS.NS,Not Halal
PREMIER.NS,Not Halal
INNOVATIVE.NS,Not Halal
EUROTEXIND.NS,Not Halal
RADAAN.NS,Not Halal
SETUINFRA.NS,Not Halal
JINDCOT.NS,Not Halal
CMICABLES.NS,Not Halal
SABEVENTS.NS,Not Halal
SANCO.NS,Not Halal
ACCORD.NS,Not Halal
DALALSTCOM.NS,Halal
PAEL.NS,Not Halal
KALYANI.NS,Not Halal
JALAN.NS,Not Halal
BGLOBAL.NS,Not Halal
JIKIND.NS,Not Halal
QUINTEGRA.NS,Not Halal
CMMIPL.NS,Not Halal
GANGOTRI.NS,Not Halal
VASA.NS,Not Halal
AHIMSA.NS,Not Halal
SILKFLEX.NS,Halal
GSMFOILS.NS,Halal
BLUEPEBBLE.NS,Halal
SLONE.NS,Halal
AADHARHFC.NS,Not Covered
VILAS.NS,Halal
MANDEEP.NS,Halal
ENSER.NS,Halal
BEACON.NS,Not Halal
TGL.NS,Halal
AKANKSHA.NS,Halal
PRESSTONIC.NS,Halal
SUNREST.NS,Halal
HIGREEN.NS,Halal
DUCOL.NS,Halal
BAHETI.NS,Not Halal
VIVIANA.NS,Halal
MINDTREE.NS,Not Halal
